{"chr01": {"A": {"A": 5.88949083253109, "G": 1.6984027916128008, "N": -0.31879817335176575, "L": -1.5857538046464736, "D": -0.6816351145304659}, "G": {"A": 1.6984027916128008, "G": 2.861491360919338, "N": -0.06890342815331645, "L": -0.7465897273079235, "D": -0.5376143315983858}, "N": {"A": -0.31879817335176575, "G": -0.06890342815331645, "N": 2.0463237027806174, "L": -0.09334229325412428, "D": -0.052122484713614935}, "L": {"A": -1.5857538046464736, "G": -0.7465897273079235, "N": -0.09334229325412428, "L": 2.7689200403466705, "D": 0.5559327873871566}, "D": {"A": -0.6816351145304659, "G": -0.5376143315983858, "N": -0.052122484713614935, "L": 0.5559327873871566, "D": 2.2146872381320266}}, "chr02": {"A": {"A": 5.88949083253109, "G": 1.6984027916128008, "N": -0.31879817335176575, "L": -1.5857538046464736, "D": -0.6816351145304659}, "G": {"A": 1.6984027916128008, "G": 2.861491360919338, "N": -0.06890342815331645, "L": -0.7465897273079235, "D": -0.5376143315983858}, "N": {"A": -0.31879817335176575, "G": -0.06890342815331645, "N": 2.0463237027806174, "L": -0.09334229325412428, "D": -0.052122484713614935}, "L": {"A": -1.5857538046464736, "G": -0.7465897273079235, "N": -0.09334229325412428, "L": 2.7689200403466705, "D": 0.5559327873871566}, "D": {"A": -0.6816351145304659, "G": -0.5376143315983858, "N": -0.052122484713614935, "L": 0.5559327873871566, "D": 2.2146872381320266}}, "chr03": {"A": {"A": 5.88949083253109, "G": 1.6984027916128008, "N": -0.31879817335176575, "L": -1.5857538046464736, "D": -0.6816351145304659}, "G": {"A": 1.6984027916128008, "G": 2.861491360919338, "N": -0.06890342815331645, "L": -0.7465897273079235, "D": -0.5376143315983858}, "N": {"A": -0.31879817335176575, "G": -0.06890342815331645, "N": 2.0463237027806174, "L": -0.09334229325412428, "D": -0.052122484713614935}, "L": {"A": -1.5857538046464736, "G": -0.7465897273079235, "N": -0.09334229325412428, "L": 2.7689200403466705, "D": 0.5559327873871566}, "D": {"A": -0.6816351145304659, "G": -0.5376143315983858, "N": -0.052122484713614935, "L": 0.5559327873871566, "D": 2.2146872381320266}}, "chr04": {"A": {"A": 5.88949083253109, "G": 1.6984027916128008, "N": -0.31879817335176575, "L": -1.5857538046464736, "D": -0.6816351145304659}, "G": {"A": 1.6984027916128008, "G": 2.861491360919338, "N": -0.06890342815331645, "L": -0.7465897273079235, "D": -0.5376143315983858}, "N": {"A": -0.31879817335176575, "G": -0.06890342815331645, "N": 2.0463237027806174, "L": -0.09334229325412428, "D": -0.052122484713614935}, "L": {"A": -1.5857538046464736, "G": -0.7465897273079235, "N": -0.09334229325412428, "L": 2.7689200403466705, "D": 0.5559327873871566}, "D": {"A": -0.6816351145304659, "G": -0.5376143315983858, "N": -0.052122484713614935, "L": 0.5559327873871566, "D": 2.2146872381320266}}, "chr05": {"A": {"A": 5.88949083253109, "G": 1.6984027916128008, "N": -0.31879817335176575, "L": -1.5857538046464736, "D": -0.6816351145304659}, "G": {"A": 1.6984027916128008, "G": 2.861491360919338, "N": -0.06890342815331645, "L": -0.7465897273079235, "D": -0.5376143315983858}, "N": {"A": -0.31879817335176575, "G": -0.06890342815331645, "N": 2.0463237027806174, "L": -0.09334229325412428, "D": -0.052122484713614935}, "L": {"A": -1.5857538046464736, "G": -0.7465897273079235, "N": -0.09334229325412428, "L": 2.7689200403466705, "D": 0.5559327873871566}, "D": {"A": -0.6816351145304659, "G": -0.5376143315983858, "N": -0.052122484713614935, "L": 0.5559327873871566, "D": 2.2146872381320266}}, "chr06": {"A": {"A": 5.88949083253109, "G": 1.6984027916128008, "N": -0.31879817335176575, "L": -1.5857538046464736, "D": -0.6816351145304659}, "G": {"A": 1.6984027916128008, "G": 2.861491360919338, "N": -0.06890342815331645, "L": -0.7465897273079235, "D": -0.5376143315983858}, "N": {"A": -0.31879817335176575, "G": -0.06890342815331645, "N": 2.0463237027806174, "L": -0.09334229325412428, "D": -0.052122484713614935}, "L": {"A": -1.5857538046464736, "G": -0.7465897273079235, "N": -0.09334229325412428, "L": 2.7689200403466705, "D": 0.5559327873871566}, "D": {"A": -0.6816351145304659, "G": -0.5376143315983858, "N": -0.052122484713614935, "L": 0.5559327873871566, "D": 2.2146872381320266}}, "chr07": {"A": {"A": 5.88949083253109, "G": 1.6984027916128008, "N": -0.31879817335176575, "L": -1.5857538046464736, "D": -0.6816351145304659}, "G": {"A": 1.6984027916128008, "G": 2.861491360919338, "N": -0.06890342815331645, "L": -0.7465897273079235, "D": -0.5376143315983858}, "N": {"A": -0.31879817335176575, "G": -0.06890342815331645, "N": 2.0463237027806174, "L": -0.09334229325412428, "D": -0.052122484713614935}, "L": {"A": -1.5857538046464736, "G": -0.7465897273079235, "N": -0.09334229325412428, "L": 2.7689200403466705, "D": 0.5559327873871566}, "D": {"A": -0.6816351145304659, "G": -0.5376143315983858, "N": -0.052122484713614935, "L": 0.5559327873871566, "D": 2.2146872381320266}}, "chr08": {"A": {"A": 5.88949083253109, "G": 1.6984027916128008, "N": -0.31879817335176575, "L": -1.5857538046464736, "D": -0.6816351145304659}, "G": {"A": 1.6984027916128008, "G": 2.861491360919338, "N": -0.06890342815331645, "L": -0.7465897273079235, "D": -0.5376143315983858}, "N": {"A": -0.31879817335176575, "G": -0.06890342815331645, "N": 2.0463237027806174, "L": -0.09334229325412428, "D": -0.052122484713614935}, "L": {"A": -1.5857538046464736, "G": -0.7465897273079235, "N": -0.09334229325412428, "L": 2.7689200403466705, "D": 0.5559327873871566}, "D": {"A": -0.6816351145304659, "G": -0.5376143315983858, "N": -0.052122484713614935, "L": 0.5559327873871566, "D": 2.2146872381320266}}, "chr09": {"A": {"A": 5.88949083253109, "G": 1.6984027916128008, "N": -0.31879817335176575, "L": -1.5857538046464736, "D": -0.6816351145304659}, "G": {"A": 1.6984027916128008, "G": 2.861491360919338, "N": -0.06890342815331645, "L": -0.7465897273079235, "D": -0.5376143315983858}, "N": {"A": -0.31879817335176575, "G": -0.06890342815331645, "N": 2.0463237027806174, "L": -0.09334229325412428, "D": -0.052122484713614935}, "L": {"A": -1.5857538046464736, "G": -0.7465897273079235, "N": -0.09334229325412428, "L": 2.7689200403466705, "D": 0.5559327873871566}, "D": {"A": -0.6816351145304659, "G": -0.5376143315983858, "N": -0.052122484713614935, "L": 0.5559327873871566, "D": 2.2146872381320266}}, "chr10": {"A": {"A": 5.88949083253109, "G": 1.6984027916128008, "N": -0.31879817335176575, "L": -1.5857538046464736, "D": -0.6816351145304659}, "G": {"A": 1.6984027916128008, "G": 2.861491360919338, "N": -0.06890342815331645, "L": -0.7465897273079235, "D": -0.5376143315983858}, "N": {"A": -0.31879817335176575, "G": -0.06890342815331645, "N": 2.0463237027806174, "L": -0.09334229325412428, "D": -0.052122484713614935}, "L": {"A": -1.5857538046464736, "G": -0.7465897273079235, "N": -0.09334229325412428, "L": 2.7689200403466705, "D": 0.5559327873871566}, "D": {"A": -0.6816351145304659, "G": -0.5376143315983858, "N": -0.052122484713614935, "L": 0.5559327873871566, "D": 2.2146872381320266}}, "chr11": {"A": {"A": 5.88949083253109, "G": 1.6984027916128008, "N": -0.31879817335176575, "L": -1.5857538046464736, "D": -0.6816351145304659}, "G": {"A": 1.6984027916128008, "G": 2.861491360919338, "N": -0.06890342815331645, "L": -0.7465897273079235, "D": -0.5376143315983858}, "N": {"A": -0.31879817335176575, "G": -0.06890342815331645, "N": 2.0463237027806174, "L": -0.09334229325412428, "D": -0.052122484713614935}, "L": {"A": -1.5857538046464736, "G": -0.7465897273079235, "N": -0.09334229325412428, "L": 2.7689200403466705, "D": 0.5559327873871566}, "D": {"A": -0.6816351145304659, "G": -0.5376143315983858, "N": -0.052122484713614935, "L": 0.5559327873871566, "D": 2.2146872381320266}}, "chr12": {"A": {"A": 5.88949083253109, "G": 1.6984027916128008, "N": -0.31879817335176575, "L": -1.5857538046464736, "D": -0.6816351145304659}, "G": {"A": 1.6984027916128008, "G": 2.861491360919338, "N": -0.06890342815331645, "L": -0.7465897273079235, "D": -0.5376143315983858}, "N": {"A": -0.31879817335176575, "G": -0.06890342815331645, "N": 2.0463237027806174,