{"chr01p": {"N": {"N": 2.0267908444675955, "G": -0.16912293527292654, "L": -0.017971731709552047}, "G": {"N": -0.16912293527292654, "G": 3.476223660312033, "L": -1.2662666071739683}, "L": {"N": -0.017971731709552047, "G": -1.2662666071739683, "L": 3.1433127957510747}}, "chr01q": {"N": {"N": 2.0267908444675955, "G": -0.16912293527292654, "L": -0.017971731709552047}, "G": {"N": -0.16912293527292654, "G": 3.476223660312033, "L": -1.2662666071739683}, "L": {"N": -0.017971731709552047, "G": -1.2662666071739683, "L": 3.1433127957510747}}, "chr02p": {"N": {"N": 2.0267908444675955, "G": -0.16912293527292654, "L": -0.017971731709552047}, "G": {"N": -0.16912293527292654, "G": 3.476223660312033, "L": -1.2662666071739683}, "L": {"N": -0.017971731709552047, "G": -1.2662666071739683, "L": 3.1433127957510747}}, "chr02q": {"N": {"N": 2.0267908444675955, "G": -0.16912293527292654, "L": -0.017971731709552047}, "G": {"N": -0.16912293527292654, "G": 3.476223660312033, "L": -1.2662666071739683}, "L": {"N": -0.017971731709552047, "G": -1.2662666071739683, "L": 3.1433127957510747}}, "chr03p": {"N": {"N": 2.0267908444675955, "G": -0.16912293527292654, "L": -0.017971731709552047}, "G": {"N": -0.16912293527292654, "G": 3.476223660312033, "L": -1.2662666071739683}, "L": {"N": -0.017971731709552047, "G": -1.2662666071739683, "L": 3.1433127957510747}}, "chr03q": {"N": {"N": 2.0267908444675955, "G": -0.16912293527292654, "L": -0.017971731709552047}, "G": {"N": -0.16912293527292654, "G": 3.476223660312033, "L": -1.2662666071739683}, "L": {"N": -0.017971731709552047, "G": -1.2662666071739683, "L": 3.1433127957510747}}, "chr04p": {"N": {"N": 2.0267908444675955, "G": -0.16912293527292654, "L": -0.017971731709552047}, "G": {"N": -0.16912293527292654, "G": 3.476223660312033, "L": -1.2662666071739683}, "L": {"N": -0.017971731709552047, "G": -1.2662666071739683, "L": 3.1433127957510747}}, "chr04q": {"N": {"N": 2.0267908444675955, "G": -0.16912293527292654, "L": -0.017971731709552047}, "G": {"N": -0.16912293527292654, "G": 3.476223660312033, "L": -1.2662666071739683}, "L": {"N": -0.017971731709552047, "G": -1.2662666071739683, "L": 3.1433127957510747}}, "chr05p": {"N": {"N": 2.0267908444675955, "G": -0.16912293527292654, "L": -0.017971731709552047}, "G": {"N": -0.16912293527292654, "G": 3.476223660312033, "L": -1.2662666071739683}, "L": {"N": -0.017971731709552047, "G": -1.2662666071739683, "L": 3.1433127957510747}}, "chr05q": {"N": {"N": 2.0267908444675955, "G": -0.16912293527292654, "L": -0.017971731709552047}, "G": {"N": -0.16912293527292654, "G": 3.476223660312033, "L": -1.2662666071739683}, "L": {"N": -0.017971731709552047, "G": -1.2662666071739683, "L": 3.1433127957510747}}, "chr06p": {"N": {"N": 2.0267908444675955, "G": -0.16912293527292654, "L": -0.017971731709552047}, "G": {"N": -0.16912293527292654, "G": 3.476223660312033, "L": -1.2662666071739683}, "L": {"N": -0.017971731709552047, "G": -1.2662666071739683, "L": 3.1433127957510747}}, "chr06q": {"N": {"N": 2.0267908444675955, "G": -0.16912293527292654, "L": -0.017971731709552047}, "G": {"N": -0.16912293527292654, "G": 3.476223660312033, "L": -1.2662666071739683}, "L": {"N": -0.017971731709552047, "G": -1.2662666071739683, "L": 3.1433127957510747}}, "chr07p": {"N": {"N": 2.0267908444675955, "G": -0.16912293527292654, "L": -0.017971731709552047}, "G": {"N": -0.16912293527292654, "G": 3.476223660312033, "L": -1.2662666071739683}, "L": {"N": -0.017971731709552047, "G": -1.2662666071739683, "L": 3.1433127957510747}}, "chr07q": {"N": {"N": 2.0267908444675955, "G": -0.16912293527292654, "L": -0.017971731709552047}, "G": {"N": -0.16912293527292654, "G": 3.476223660312033, "L": -1.2662666071739683}, "L": {"N": -0.017971731709552047, "G": -1.2662666071739683, "L": 3.1433127957510747}}, "chr08p": {"N": {"N": 2.0267908444675955, "G": -0.16912293527292654, "L": -0.017971731709552047}, "G": {"N": -0.16912293527292654, "G": 3.476223660312033, "L": -1.2662666071739683}, "L": {"N": -0.017971731709552047, "G": -1.2662666071739683, "L": 3.1433127957510747}}, "chr08q": {"N": {"N": 2.0267908444675955, "G": -0.16912293527292654, "L": -0.017971731709552047}, "G": {"N": -0.16912293527292654, "G": 3.476223660312033, "L": -1.2662666071739683}, "L": {"N": -0.017971731709552047, "G": -1.2662666071739683, "L": 3.1433127957510747}}, "chr09p": {"N": {"N": 2.0267908444675955, "G": -0.16912293527292654, "L": -0.017971731709552047}, "G": {"N": -0.16912293527292654, "G": 3.476223660312033, "L": -1.2662666071739683}, "L": {"N": -0.017971731709552047, "G": -1.2662666071739683, "L": 3.1433127957510747}}, "chr09q": {"N": {"N": 2.0267908444675955, "G": -0.16912293527292654, "L": -0.017971731709552047}, "G": {"N": -0.16912293527292654, "G": 3.476223660312033, "L": -1.2662666071739683}, "L": {"N": -0.017971731709552047, "G": -1.2662666071739683, "L": 3.1433127957510747}}, "chr10p": {"N": {"N": 2.0267908444675955, "G": -0.16912293527292654, "L": -0.017971731709552047}, "G": {"N": -0.16912293527292654, "G": 3.476223660312033, "L": -1.2662666071739683}, "L": {"N": -0.017971731709552047, "G": -1.2662666071739683, "L": 3.1433127957510747}}, "chr10q": {"N": {"N": 2.0267908444675955, "G": -0.16912293527292654, "L": -0.017971731709552047}, "G": {"N": -0.16912293527292654, "G": 3.476223660312033, "L": -1.2662666071739683}, "L": {"N": -0.017971731709552047, "G": -1.2662666071739683, "L": 3.1433127957510747}}, "chr11p": {"N": {"N": 2.0267908444675955, "G": -0.16912293527292654, "L": -0.017971731709552047}, "G": {"N": -0.16912293527292654, "G": 3.476223660312033, "L": -1.2662666071739683}, "L": {"N": -0.017971731709552047, "G": -1.2662666071739683, "L": 3.1433127957510747}}, "chr11q": {"N": {"N": 2.0267908444675955, "G": -0.16912293527292654, "L": -0.017971731709552047}, "G": {"N": -0.16912293527292654, "G": 3.476223660312033, "L": -1.2662666071739683}, "L": {"N": -0.017971731709552047, "G": -1.2662666071739683, "L": 3.1433127957510747}}, "chr12p": {"N": {"N": 2.0267908444675955, "G": -0.16912293527292654, "L": -0.017971731709552047}, "G": {"N": -0.16912293527292654, "G": 3.476223660312033, "L": -1.2662666071739683}, "L": {"N": -0.017971731709552047, "G": -1.2662666071739683, "L": 3.1433127957510747}}, "chr12q": {"N": {"N": 2.0267908444675955, "G": -0.16912293527292654, "L": -0.017971731709552047}, "G": {"N": -0.16912293527292654, "G": 3.476223660312033, "L": -1.2662666071739683}, "L": {"N": -0.017971731709552047, "G": -1.2662666071739683, "L": 3.1433127957510747}}, "chr13p": {"N": {"N": 2.0267908444675955, "G": -0.16912293527292654, "L": -0.017971731709552047}, "G": {"N": -0.16912293527292654, "G": 3.476223660312033, "L": -1.2662666071739683}, "L": {"N": -0.017971731709552047, "G": -1.2662666071739683, "L": 3.1433127957510747}}, "chr13q": {"N": {"N": 2.0267908444675955, "G": -0.16912293527292654, "L": -0.017971731709552047}, "G": {"N": -0.16912293527292654, "G": 3.476223660312033, "L": -1.2662666071739683}, "L": {"N": -0.017971731709552047, "G": -1.2662666071739683, "L": 3.1433127957510747}}, "chr14p": {"N": {"N": 2.0267908444675955, "G": -0.16912293527292654, "L": -0.017971731709552047}, "G": {"N": -0.16912293527292654, "G": 3.476223660312033, "L": -1.2662666071739683}, "L": {"N": -0.017971731709552047, "G": -1.2662666071739683, "L": 3.1433127957510747}}, "chr14q": {"N": {"N": 2.0267908444675955, "G": -0.16912293527292654, "L": -0.017971731709552047}, "G": {"N": -0.16912293527292654, "G": 3.476223660312033, "L": -1.2662666071739683}, "L": {"N": -0.017971731709552047, "G": -1.2662666071739683, "L": 3.1433127957510747}}, "chr15p": {"N": {"N": 2.0267908444675955, "G": -0.16912293527292654, "L": -0.017971731709552047}, "G": {"N": -0.16912293527292654, "G": 3.476223660312033, "L": -1.2662666071739683}, "L": {"N": -0.017971731709552047, "G": -1.2662666071739683, "L": 3.1433127957510747}}, "chr15q": {"N": {"N": 2.0267908444675955, "G": -0.16912293527292654, "L": -0.017971731709552047}, "G": {"N": -0.16912293527292654, "G": 3.476223660312033, "L": -1.2662666071739683},